,DATE,ZCODE,SECURITYVARIETYCODE,SWAPVALUE,PUREBONDVALUE,PUREBONDOR,SWAPOR,FCLOSE,SWAPPRICE,USWAPTVOL,USWAPTRATE,SYFE,SECUCODE
0,2026-02-02 00:00:00,118038,1003533893,113.3895624671,108.5937584758,32.02324149,26.4393272896,143.369,18.97,,,,118038.SH
1,2026-02-02 00:00:00,123198,1003496016,124.6357615894,94.746305836,46.17984182,11.1238044633,138.5,,3258975.0,62.67,325897500.0,123198.SZ
2,2026-02-02 00:00:00,123108,1002592512,62.8140703518,107.5296157675,0.37234787,71.82456,107.93,,16376346.0,99.98,1637634600.0,123108.SZ
3,2026-02-02 00:00:00,110086,1003064622,93.7369519833,110.5365843407,17.72030118,38.8182538976,130.124,,,,,110086.SH
4,2026-02-02 00:00:00,110076,1002424690,46.3702359347,108.5331936409,7.71359073,152.1121526419,116.905,,,,,110076.SH
5,2026-02-02 00:00:00,113665,1003328822,89.666136725,109.9607128246,19.44538793,46.4800478723,131.343,,,,,113665.SH
6,2026-02-02 00:00:00,113651,1003153506,267.0588235294,109.9437674117,163.89490449,8.6412334802,290.136,,,,,113651.SH
7,2026-02-02 00:00:00,113048,1002615312,92.8888888889,111.3484071548,13.01374058,35.4726076555,125.839,,,,,113048.SH
8,2026-02-02 00:00:00,113693,1004169372,82.2916666667,102.1823569123,27.28420437,58.0500253165,130.062,,,,,113693.SH
9,2026-02-02 00:00:00,113616,1002489833,74.0055213954,108.2879674528,15.54746381,69.0738713014,125.124,,,,,113616.SH
10,2026-02-02 00:00:00,113033,1002196827,102.6859504132,109.706841722,2.45122203,9.4560643863,112.396,4.84,,,,113033.SH
11,2026-02-02 00:00:00,111020,1003886041,97.6392823418,105.5162844895,30.23108297,40.7374129594,137.415,,,,,111020.SH
12,2026-02-02 00:00:00,113654,1003186463,149.5356037152,109.5129238009,70.1607386,24.6178136646,186.348,,,,,113654.SH
13,2026-02-02 00:00:00,127041,1002695003,106.8235294118,113.9890630143,10.65272112,18.0751101322,126.132,,5999042.0,99.98,599904200.0,127041.SZ
14,2026-02-02 00:00:00,123257,1004276749,89.2747332248,100.8554511163,42.48015195,60.9626764587,143.699,,11046739.0,99.99,1104673900.0,123257.SZ
15,2026-02-02 00:00:00,123252,1004082181,114.7881694644,102.0416877769,37.00282997,21.7895543175,139.8,,7846651.0,99.96,784665100.0,123252.SZ
16,2026-02-02 00:00:00,123216,1003554605,99.8500749625,111.0627180712,21.53403261,35.1816711712,134.979,,21978222.0,99.99,2197822200.0,123216.SZ
17,2026-02-02 00:00:00,123146,1003072188,141.8940609952,112.8748591041,33.20149517,5.9600373303,150.351,,6356460.0,73.57,635646000.0,123146.SZ
18,2026-02-02 00:00:00,127075,1003266666,124.4355909695,104.8454306324,29.23596115,8.8900683031,135.498,,9667269.0,98.85,966726900.0,127075.SZ
19,2026-02-02 00:00:00,123261,1004491221,93.1544359255,84.7616590278,95.85388241,78.2083680188,166.009,,,,,123261.SZ
20,2026-02-02 00:00:00,128097,1002156015,73.6898395722,109.7117873706,0.11412869,49.0531132075,109.837,,4579958.0,38.17,457995800.0,128097.SZ
21,2026-02-02 00:00:00,127031,1002588072,94.3241661791,111.5155634339,18.76369174,40.4094044665,132.44,,9999242.0,99.99,999924200.0,127031.SZ
22,2026-02-02 00:00:00,123235,1003684506,157.3439699672,107.3685473317,63.92137583,11.8568446168,176.0,,4354233.0,83.7,435423300.0,123235.SZ
23,2026-02-02 00:00:00,123159,1003245446,157.8234086242,100.5196189032,55.30301617,-1.0856492324,156.11,,366054.0,12.44,36605400.0,123159.SZ
24,2026-02-02 00:00:00,127099,1003672139,103.0361757106,107.6912893592,25.54868718,31.2209028213,135.205,,4540671.0,61.36,454067100.0,127099.SZ
25,2026-02-02 00:00:00,127085,1003442062,57.7152600171,105.4412348585,14.94554304,109.9964549483,121.2,,24498837.0,100.0,2449883700.0,127085.SZ
26,2026-02-02 00:00:00,123194,1003447458,90.5362776025,107.8449865617,22.60931566,46.0497421603,132.228,,8459231.0,98.36,845923100.0,123194.SZ
27,2026-02-02 00:00:00,123109,1002595077,59.880239521,114.6081684004,11.09068557,112.62273,127.319,,4595204.0,99.9,459520400.0,123109.SZ
28,2026-02-02 00:00:00,123061,1002310671,119.9730094467,113.3194456787,21.25279927,14.5282598425,137.403,,1674756.0,66.99,167475600.0,123061.SZ
29,2026-02-02 00:00:00,118060,1004458443,111.44211239,94.4497509531,98.24933164,68.0208639125,187.246,,,,,118060.SH
30,2026-02-02 00:00:00,113691,1003984170,116.0,103.4972510502,38.85392949,23.8879310345,143.71,,,,,113691.SH
31,2026-02-02 00:00:00,113659,1003263204,102.6796973518,107.4651165622,26.61131756,32.5120773718,136.063,,,,,113659.SH
32,2026-02-02 00:00:00,113653,1003159303,119.5151515152,111.9465266634,27.25986616,19.2007860041,142.463,,,,,113653.SH
33,2026-02-02 00:00:00,113648,1003065620,69.0095846645,107.9000237694,15.84798189,81.1342592593,125.0,,,,,113648.SH
34,2026-02-02 00:00:00,111018,1003686260,96.4329643296,107.1357291878,23.85877336,37.605434949,132.697,,,,,111018.SH
35,2026-02-02 00:00:00,110094,1003534897,129.022556391,106.3392121601,25.96294187,3.8175058275,133.948,6.65,,,,110094.SH
36,2026-02-02 00:00:00,113674,1003538134,92.6627218935,108.3769086896,25.65315033,46.9620114943,136.179,,,,,113674.SH
37,2026-02-02 00:00:00,113658,1003237127,107.6812634602,109.4106932787,27.17038512,29.2128226667,139.138,,,,,113658.SH
38,2026-02-02 00:00:00,113639,1002921149,167.1254219683,100.0550778631,66.94804858,-0.0511124922,167.04,38.51,,,,113639.SH
39,2026-02-02 00:00:00,113584,1002264538,103.6144578313,109.365262749,13.06332275,19.3385581395,123.652,,,,,113584.SH
40,2026-02-02 00:00:00,111017,1003562686,102.7568922306,106.3352942309,23.89395351,28.2084317073,131.743,,,,,111017.SH
41,2026-02-02 00:00:00,127078,1003327431,127.7777777778,103.8994518966,33.77837656,8.7786956522,138.995,,4334855.0,72.25,433485500.0,127078.SZ
42,2026-02-02 00:00:00,127018,1002282372,104.5592705167,118.2274432057,4.1213416,17.7322674419,123.1,,56309451.0,82.81,5630945100.0,127018.SZ
43,2026-02-02 00:00:00,123253,1004166053,94.5693911135,101.505864576,36.54383476,46.5590487239,138.6,,9798827.0,99.99,979882700.0,123253.SZ
44,2026-02-02 00:00:00,123239,1003711269,134.2703596527,97.8105321632,57.89097205,15.0171939655,154.434,,4376052.0,70.58,437605200.0,123239.SZ
45,2026-02-02 00:00:00,113673,1003534980,135.8208955224,108.398914171,61.4794773,28.8770769231,175.042,,,,,113673.SH
46,2026-02-02 00:00:00,113618,1002509364,79.1666666667,107.7757324375,26.76415823,72.5738947368,136.621,,,,,113618.SH
47,2026-02-02 00:00:00,111010,1003291653,118.1899374814,109.1473877506,29.34894999,19.4526395466,141.181,,,,,111010.SH
48,2026-02-02 00:00:00,128127,1002339392,96.6063348416,109.6605597702,8.68629546,23.3728618267,119.186,,8036457.0,84.59,803645700.0,128127.SZ
49,2026-02-02 00:00:00,113650,1003134050,56.717062635,111.738891637,13.57012598,123.7457197258,126.902,,,,,113650.SH
50,2026-02-02 00:00:00,111001,1002832450,68.9624329159,112.1643844849,17.64340401,91.3418573281,131.954,,,,,111001.SH
51,2026-02-02 00:00:00,110097,1003982259,118.8794153471,103.5292029662,43.74011944,25.1797879098,148.813,,,,,110097.SH
52,2026-02-02 00:00:00,110090,1003243463,105.1851851852,107.117197233,30.18637866,32.5776056338,139.452,,,,,110090.SH
53,2026-02-02 00:00:00,113697,1004389245,165.1460452904,100.0559024387,128.55123429,38.4707696741,228.679,,,,,113697.SH
54,2026-02-02 00:00:00,113682,1003745430,72.141959799,105.3513217886,23.36817212,80.1586765346,129.97,,,,,113682.SH
55,2026-02-02 00:00:00,113670,1003448495,54.9149840595,111.8753746204,11.69035225,127.540810837,124.954,,,,,113670.SH
56,2026-02-02 00:00:00,113660,1003295847,55.7546145494,107.4793155952,16.74339319,125.0486368062,125.475,,,,,113660.SH
57,2026-02-02 00:00:00,127062,1003063671,75.3623188406,112.4317599342,17.40454839,75.1538461538,132.0,,3957560.0,99.86,395756000.0,127062.SZ
58,2026-02-02 00:00:00,127055,1002950571,147.4054054054,112.9670754261,55.84894921,19.4379537954,176.058,,2082208.0,36.09,208220800.0,127055.SZ
59,2026-02-02 00:00:00,127047,1002815778,126.0784313725,100.3910198431,34.47417928,7.0762052877,135.0,,8121294.0,54.14,812129400.0,127047.SZ
60,2026-02-02 00:00:00,123224,1003600348,124.6876697447,99.9356921451,53.74086745,23.2214863864,153.642,,2848339.0,56.97,284833900.0,123224.SZ
61,2026-02-02 00:00:00,123197,1003467921,101.7966903073,102.6256786246,40.04389732,41.1843543892,143.721,,3995389.0,99.88,399538900.0,123197.SZ
62,2026-02-02 00:00:00,123155,1003195216,99.338790932,105.9835478655,31.26376952,40.0439835182,139.118,,3599669.0,99.99,359966900.0,123155.SZ
63,2026-02-02 00:00:00,123088,1002479322,123.2620320856,110.6871968205,27.56759956,14.5535227766,141.201,,3004279.0,99.68,300427900.0,123088.SZ
64,2026-02-02 00:00:00,123071,1002415240,90.1492537313,113.2789001946,10.6198946,39.001705298,125.309,,6937214.0,99.1,693721400.0,123071.SZ
65,2026-02-02 00:00:00,127103,1003692212,108.9285714286,103.4605694922,26.13501031,19.8032786885,130.5,,19998907.0,99.99,1999890700.0,127103.SZ
66,2026-02-02 00:00:00,127054,1002936201,98.1586402266,111.0014843701,20.68937705,36.4800894661,133.967,,5135974.0,99.99,513597400.0,127054.SZ
67,2026-02-02 00:00:00,123251,1004060904,218.4574230941,93.2480019013,184.18839503,21.3051020408,265.0,,7011693.0,93.49,701169300.0,123251.SZ
68,2026-02-02 00:00:00,123209,1003542299,188.5199774902,99.3588076106,120.41327313,16.1680597015,219.0,,1673689.0,76.6,167368900.0,123209.SZ
69,2026-02-02 00:00:00,123196,1003449610,88.4632922937,101.5184686263,33.09991948,52.74245,135.121,,3501500.0,99.83,350150000.0,123196.SZ
70,2026-02-02 00:00:00,123189,1003439188,121.7683557394,94.701125003,53.28012206,19.208310828,145.158,,3286981.0,99.91,328698100.0,123189.SZ
71,2026-02-02 00:00:00,123049,1002210932,124.2253521127,116.068160118,9.37538759,2.1933106576,126.95,,5964497.0,65.03,596449700.0,123049.SZ
72,2026-02-02 00:00:00,127053,1002921251,213.1746952989,115.0703395278,115.69415804,16.430329431,248.2,,2580675.0,31.32,258067500.0,127053.SZ
73,2026-02-02 00:00:00,127039,1002678859,129.6853625171,101.0818660998,28.38108852,0.0652637131,129.77,,4283865.0,14.28,428386500.0,127039.SZ
74,2026-02-02 00:00:00,127024,1002427099,90.7431551499,108.5703914926,12.05264928,34.0663103448,121.656,,14760292.0,99.99,1476029200.0,127024.SZ
75,2026-02-02 00:00:00,123188,1003431513,166.765140325,103.2534439749,87.60827004,16.1585686448,193.712,,6722542.0,96.73,672254200.0,123188.SZ
76,2026-02-02 00:00:00,123151,1003134046,55.4627949183,106.6747616962,14.32226148,119.8825359948,121.953,,6998183.0,99.97,699818300.0,123151.SZ
77,2026-02-02 00:00:00,123064,1002367532,97.2511848341,108.888131847,18.46745629,32.6431140351,128.997,,5976750.0,99.61,597675000.0,123064.SZ
78,2026-02-02 00:00:00,127066,1003139431,102.030934768,108.117471347,37.01670799,45.1902801213,148.139,,15341800.0,99.99,1534180000.0,127066.SZ
79,2026-02-02 00:00:00,127050,1002836258,102.2727272727,108.1619898901,26.06092042,33.32,136.35,,20860290.0,94.87,2086029000.0,127050.SZ
80,2026-02-02 00:00:00,118058,1004333841,196.6041108132,100.495403954,242.83756913,75.2435381818,344.536,,,,,118058.SH
81,2026-02-02 00:00:00,118036,1003509979,101.2536564981,108.7570892347,27.97602527,37.4597271977,139.183,,,,,118036.SH
82,2026-02-02 00:00:00,118057,1004291111,153.3850493653,88.2694287121,134.05612001,34.6937011494,206.6,,,,,118057.SH
83,2026-02-02 00:00:00,118015,1003154493,67.0409272003,106.2531438378,21.69522268,92.8747190708,129.305,,,,,118015.SH
84,2026-02-02 00:00:00,118004,1002893047,129.3033966609,112.3760755037,50.99922225,31.2316647373,169.687,,,,,118004.SH
85,2026-02-02 00:00:00,118044,1003592477,118.9417989418,98.0427148698,50.60578463,24.143069395,147.658,,,,,118044.SH
86,2026-02-02 00:00:00,118021,1003245318,172.9344729345,96.5660214765,98.25089309,10.7026243822,191.443,10.53,,,,118021.SH
87,2026-02-02 00:00:00,113676,1003567561,135.9657469077,108.1066306019,25.87664535,0.0847662701,136.081,,,,,113676.SH
88,2026-02-02 00:00:00,110070,1002210841,114.2131979695,111.6380828391,9.56297071,7.0927022222,122.314,,,,,110070.SH
89,2026-02-02 00:00:00,113680,1003650892,98.1409759876,99.672218285,37.50672189,39.6521673244,137.056,,,,,113680.SH
90,2026-02-02 00:00:00,110093,1003415985,100.9864364982,104.7869108489,27.25444325,32.0434749695,133.346,,,,,110093.SH
91,2026-02-02 00:00:00,128128,1002339451,100.9310986965,108.9557459199,18.09014652,27.4790442804,128.666,,6793383.0,22.72,679338300.0,128128.SZ
92,2026-02-02 00:00:00,127092,1003603261,285.3598014888,109.0913526124,251.12957244,34.2347443478,383.052,,5249775.0,71.91,524977500.0,127092.SZ
93,2026-02-02 00:00:00,127042,1002741315,509.4505494505,100.8749671691,391.89607087,-2.600949094,496.2,,1011385.0,13.49,101138500.0,127042.SZ
94,2026-02-02 00:00:00,127027,1002471039,80.5460750853,108.4363485038,6.23743937,43.0237288136,115.2,,19463684.0,69.51,1946368400.0,127027.SZ
95,2026-02-02 00:00:00,123176,1003399578,196.7547519703,106.7729544373,139.57377722,30.0095664467,255.8,,12753749.0,99.95,1275374900.0,123176.SZ
96,2026-02-02 00:00:00,113631,1002832406,121.7327459618,108.3597646774,26.97148283,13.0229987937,137.586,,,,,113631.SH
97,2026-02-02 00:00:00,113579,1002220069,38.1265406738,108.5960187876,0.18230983,185.3497801724,108.794,,,,,113579.SH
98,2026-02-02 00:00:00,113037,1002311890,76.4383561644,109.1405892002,0.67748471,43.7498207885,109.88,,,,,113037.SH
99,2026-02-02 00:00:00,127104,1003716535,125.5234297109,98.5265032702,67.46763005,31.4495631454,165.0,,5823971.0,99.87,582397100.0,127104.SZ
100,2026-02-02 00:00:00,127090,1003539797,91.6470588235,107.6119129693,27.8659548,50.1401155327,137.599,,4616061.0,99.91,461606100.0,127090.SZ
101,2026-02-02 00:00:00,113655,1003187622,111.2942960015,109.8360624145,25.53436182,23.8895477609,137.882,,,,,113655.SH
102,2026-02-02 00:00:00,113615,1002486447,609.9320882852,110.2256791803,617.62678705,29.6880448156,791.009,,,,,113615.SH
103,2026-02-02 00:00:00,113574,1002195451,113.4173461824,108.9025054678,20.50135985,15.7045235294,131.229,13.49,,,,113574.SH
104,2026-02-02 00:00:00,113059,1003087719,37.9285543035,110.3511725208,11.53393044,224.5022180784,123.079,,,,,113059.SH
105,2026-02-02 00:00:00,113043,1002471018,110.7098381071,104.4932085582,31.86215822,24.4577739033,137.787,,,,,113043.SH
106,2026-02-02 00:00:00,111024,1004498987,88.4253819036,93.9007992159,79.5128491,90.628523588,168.564,,,,,111024.SH
107,2026-02-02 00:00:00,110095,1003556454,148.5436893204,103.8605734956,42.9714809,-0.0354705882,148.491,6.18,,,,110095.SH
108,2026-02-02 00:00:00,123236,1003685468,151.598173516,106.9779414196,70.85858783,20.5693945783,182.781,,7012385.0,93.5,701238500.0,123236.SZ
109,2026-02-02 00:00:00,123215,1003553642,97.7604166667,111.3474359372,20.79308236,37.5812466702,134.5,,8555457.0,85.55,855545700.0,123215.SZ
110,2026-02-02 00:00:00,123260,1004451094,111.3384321224,85.4446337792,122.12980688,70.4694384338,189.798,,,,,123260.SZ
111,2026-02-02 00:00:00,123214,1003544923,91.2518853695,98.8417295565,34.1285716,45.2846694215,132.575,,4549670.0,99.99,454967000.0,123214.SZ
112,2026-02-02 00:00:00,123119,1002699492,96.9485060394,110.8503291312,18.25134037,35.2078596721,131.082,,19989850.0,99.95,1998985000.0,123119.SZ
113,2026-02-02 00:00:00,127108,1004183045,97.6576576577,105.6235948235,24.36425802,34.5086531365,131.358,,29498729.0,100.0,2949872900.0,127108.SZ
114,2026-02-02 00:00:00,127071,1003201567,127.3449319213,100.6660024292,32.4359732,4.6904639145,133.318,,4910524.0,99.2,491052400.0,127071.SZ
115,2026-02-02 00:00:00,127038,1002663911,81.9938335046,109.2128849383,23.63834183,64.6818964653,135.029,,14916396.0,99.44,1491639600.0,127038.SZ
116,2026-02-02 00:00:00,127022,1002411483,121.3347921225,103.7337816873,26.96249752,8.5451235347,131.703,,19997137.0,99.99,1999713700.0,127022.SZ
117,2026-02-02 00:00:00,123241,1003876336,556.831228473,101.8210593735,602.99897134,28.5490043299,715.801,,2605038.0,40.42,260503800.0,123241.SZ
118,2026-02-02 00:00:00,123138,1002959412,75.3863550697,103.8143748362,26.18580058,73.7701735,130.999,,2393572.0,99.73,239357200.0,123138.SZ
119,2026-02-02 00:00:00,123126,1002775675,94.5017182131,111.0361941273,21.65582679,42.9413163636,135.082,,3398612.0,99.96,339861200.0,123126.SZ
120,2026-02-02 00:00:00,118010,1003130688,37.1011470282,101.3104637887,22.49475065,234.4910061832,124.1,,,,,118010.SH
121,2026-02-02 00:00:00,118030,1003342135,276.5141834909,106.9432777149,231.02688412,28.026344085,354.011,,,,,118030.SH
122,2026-02-02 00:00:00,118022,1003252218,61.5582743078,107.4852695542,16.18336216,102.8646861925,124.88,,,,,118022.SH
123,2026-02-02 00:00:00,118056,1004272371,154.9235474006,98.2762584525,115.5912357,36.7610047375,211.875,,,,,118056.SH
124,2026-02-02 00:00:00,118051,1004019158,171.23795404,101.8811936003,127.49340856,35.3514186147,231.773,,,,,118051.SH
125,2026-02-02 00:00:00,118043,1003561728,152.5503355705,100.3506953395,51.1190326,-0.5908446986,151.649,14.9,,,,118043.SH
126,2026-02-02 00:00:00,113696,1004294537,94.6203739031,100.2395650811,39.2055122,47.4724673387,139.539,,,,,113696.SH
127,2026-02-02 00:00:00,113640,1002945677,118.6046511628,113.0194885645,25.33148203,19.4295490196,141.649,,,,,113640.SH
128,2026-02-02 00:00:00,113610,1002454859,69.5384615385,106.9156807219,16.05407099,78.4336283186,124.08,,,,,113610.SH
129,2026-02-02 00:00:00,113588,1002275046,118.966846569,108.3080009342,43.74653641,30.8675521711,155.689,,,,,113588.SH
130,2026-02-02 00:00:00,113632,1002840929,122.5908372828,110.0574663812,30.61903452,17.2648814433,143.756,,,,,113632.SH
131,2026-02-02 00:00:00,110099,1004412874,91.9715447154,98.0460377953,43.99765985,53.5083491713,141.184,,,,,110099.SH
132,2026-02-02 00:00:00,123246,1003911122,151.1982570806,89.3397704512,83.39760576,8.365667147,163.847,,2296388.0,80.16,229638800.0,123246.SZ
133,2026-02-02 00:00:00,123225,1003610638,106.7055393586,110.7247321852,24.66139884,29.356920765,138.031,,5703511.0,71.29,570351100.0,123225.SZ
134,2026-02-02 00:00:00,123168,1003300307,88.2681564246,110.393496716,19.7072327,49.7131075949,132.149,,4899119.0,99.98,489911900.0,123168.SZ
135,2026-02-02 00:00:00,110067,1002172712,115.9169550173,106.8218551829,17.8841163,8.6346686567,125.926,,,,,110067.SH
136,2026-02-02 00:00:00,113699,1004396766,113.2209265679,101.2181350869,79.57849139,60.5409931802,181.766,,,,,113699.SH
137,2026-02-02 00:00:00,113687,1003880262,406.2195121951,104.0572604296,397.7144294,27.49461423,517.908,8.2,,,,113687.SH
138,2026-02-02 00:00:00,111021,1003890836,106.8965517241,105.4773949414,41.59337181,39.7135806452,149.349,,,,,111021.SH
139,2026-02-02 00:00:00,113698,1004348473,129.5133437991,94.8694201266,94.52105826,42.4880206061,184.541,,,,,113698.SH
140,2026-02-02 00:00:00,113678,1003624584,122.5775656325,100.2611512354,51.23305301,23.6996339564,151.628,,,,,113678.SH
141,2026-02-02 00:00:00,113634,1002870444,73.8843494657,112.8186708247,13.9031324,73.9258732454,128.504,,,,,113634.SH
142,2026-02-02 00:00:00,111019,1003804943,124.358974359,106.448220198,31.56913262,12.6199381443,140.053,,,,,111019.SH
143,2026-02-02 00:00:00,111014,1003505239,76.4289602613,108.6035446846,18.7392183,68.7253098291,128.955,,,,,111014.SH
144,2026-02-02 00:00:00,127026,1002469181,114.4026186579,106.3683837445,27.59336489,18.6327739628,135.719,,6995519.0,99.94,699551900.0,127026.SZ
145,2026-02-02 00:00:00,123237,1003698246,117.3105497771,96.3963045128,58.52474923,30.2627941735,152.812,,4314664.0,42.97,431466400.0,123237.SZ
146,2026-02-02 00:00:00,123131,1002857871,231.4115308151,108.1252274304,190.77395486,35.8618556701,314.4,,3161650.0,49.79,316165000.0,123131.SZ
147,2026-02-02 00:00:00,127068,1003195182,72.2271517303,104.8388900925,20.32748524,74.6573095823,126.15,,8299634.0,100.0,829963400.0,127068.SZ
148,2026-02-02 00:00:00,127040,1002686590,111.7647058824,107.1127729814,24.99723074,19.7945263158,133.888,,39863552.0,87.47,3986355200.0,127040.SZ
149,2026-02-02 00:00:00,123256,1004254895,210.5355715428,89.7235882111,182.86875844,20.5497000532,253.8,,3273961.0,99.94,327396100.0,123256.SZ
150,2026-02-02 00:00:00,123144,1003056693,75.7647058824,107.1973085745,17.38820841,66.0892080745,125.837,,5997326.0,99.96,599732600.0,123144.SZ
151,2026-02-02 00:00:00,123121,1002733594,115.1848830886,113.6280059071,30.33054555,28.5689545615,148.092,,8293106.0,98.73,829310600.0,123121.SZ
152,2026-02-02 00:00:00,123065,1002370710,50.8135168961,113.6108672985,12.99887331,152.6473423645,128.379,,2184747.0,99.76,218474700.0,123065.SZ
153,2026-02-02 00:00:00,127094,1003623546,133.8122605364,99.9017539444,44.74220351,8.0618468146,144.6,,3008576.0,95.21,300857600.0,127094.SZ
154,2026-02-02 00:00:00,127079,1003329846,162.8050764725,103.7738397396,81.77317181,15.8643232061,188.633,,3105987.0,91.35,310598700.0,127079.SZ
155,2026-02-02 00:00:00,127030,1002583657,92.2028766086,107.6863156135,19.20920432,39.2277602627,128.372,,49974529.0,99.95,4997452900.0,127030.SZ
156,2026-02-02 00:00:00,123264,1004518273,88.2561307902,91.9900211084,61.8871245,68.7361531337,148.92,,,,,123264.SZ
157,2026-02-02 00:00:00,123254,1004175088,125.1591089897,105.0844472475,56.44560571,31.3528047036,164.4,,49982913.0,99.97,4998291300.0,123254.SZ
158,2026-02-02 00:00:00,123199,1003498030,113.8345864662,95.3408905656,49.36927813,25.1025759577,142.41,,3197553.0,99.92,319755300.0,123199.SZ
159,2026-02-02 00:00:00,123178,1003406442,127.5836431227,110.0783309593,29.70581835,11.9093298368,142.778,,11759883.0,98.0,1175988300.0,123178.SZ
160,2026-02-02 00:00:00,123118,1002686633,870.2070207021,110.3097928169,721.32327227,4.113156806,906.0,,811755.0,25.37,81175500.0,123118.SZ
161,2026-02-02 00:00:00,123091,1002486448,104.4980443286,109.2415213304,21.95912175,27.4952089832,133.23,,5497337.0,99.95,549733700.0,123091.SZ
162,2026-02-02 00:00:00,118063,1004516637,105.3987455197,96.9209513085,99.05706392,83.0458218916,192.928,,,,,118063.SH
163,2026-02-02 00:00:00,118005,1002926322,45.0095872439,106.7252725476,16.64716054,176.589961435,124.492,,,,,118005.SH
164,2026-02-02 00:00:00,118045,1003593315,209.5988538682,89.4925515126,195.67376896,26.2440109364,264.606,,,,,118045.SH
165,2026-02-02 00:00:00,118034,1003451329,97.3228346457,105.3866911299,19.20100978,29.0776213592,125.622,,,,,118034.SH
166,2026-02-02 00:00:00,118008,1003127442,120.4487179487,100.9440125124,36.55985786,14.4462160724,137.849,,,,,118008.SH
167,2026-02-02 00:00:00,118018,1003199355,82.5299255904,95.0928626692,41.50588827,63.0463120345,134.562,,,,,118018.SH
168,2026-02-02 00:00:00,111023,1004296752,146.8698517298,100.6806458919,75.17368749,20.0831878856,176.366,12.14,,,,111023.SH
169,2026-02-02 00:00:00,113039,1002342792,198.6254295533,106.9526610886,132.26911558,25.0685778547,248.418,,,,,113039.SH
170,2026-02-02 00:00:00,128137,1002427098,139.5691609977,110.2256328526,27.46581386,0.6669374492,140.5,,5985510.0,99.76,598551000.0,128137.SZ
171,2026-02-02 00:00:00,127105,1003721989,108.275862069,106.7764228235,26.90067378,25.1433121019,135.5,,7545982.0,99.98,754598200.0,127105.SZ
172,2026-02-02 00:00:00,123211,1003543156,140.0862068966,108.6903451647,69.98657951,31.8895015385,184.759,,3070237.0,47.23,307023700.0,123211.SZ
173,2026-02-02 00:00:00,123183,1003421898,87.1602082128,109.9025509519,18.9626618,50.0030836098,130.743,,6328803.0,99.98,632880300.0,123183.SZ
174,2026-02-02 00:00:00,123157,1003207815,105.0593379138,99.4655198249,45.82741864,38.0629298454,145.048,,2340446.0,47.32,234044600.0,123157.SZ
175,2026-02-02 00:00:00,123149,1003122741,107.3800738007,110.1447280771,24.13667216,27.3327491409,136.73,,14835998.0,99.92,1483599800.0,123149.SZ
176,2026-02-02 00:00:00,123133,1002883957,98.5771200911,111.9948972669,21.6296486,38.1852095843,136.219,,7197656.0,99.97,719765600.0,123133.SZ
177,2026-02-02 00:00:00,113679,1003630621,77.0196078431,107.8758955143,18.51211004,65.991496945,127.846,12.75,,,,113679.SH
178,2026-02-02 00:00:00,113656,1003209653,95.5555555556,111.0971416605,17.92652632,37.106627907,131.013,,,,,113656.SH
179,2026-02-02 00:00:00,113646,1003059416,137.5155279503,105.9493268373,40.10754427,7.9463550136,148.443,8.05,,,,113646.SH
180,2026-02-02 00:00:00,113638,1002889664,55.3428042001,109.7856651343,13.85821623,125.8649553571,125.0,,,,,113638.SH
181,2026-02-02 00:00:00,123090,1002483998,51.4219384794,110.2366497704,7.64115224,130.7575395034,118.66,,4983804.0,99.68,498380400.0,123090.SZ
182,2026-02-02 00:00:00,127069,1003195188,82.640352558,111.8892119909,15.86103583,56.8676754,129.636,,5040698.0,94.04,504069800.0,127069.SZ
183,2026-02-02 00:00:00,110085,1002953491,51.5606936416,108.4037867012,12.79587524,137.1477017937,122.275,,,,,110085.SH
184,2026-02-02 00:00:00,111015,1003526655,104.0927021696,100.6919534936,30.07692815,25.8272648034,130.977,,,,,111015.SH
185,2026-02-02 00:00:00,110084,1002887512,95.6399437412,107.869486533,18.21878837,33.3355029412,127.522,,,,,110084.SH
186,2026-02-02 00:00:00,113692,1003987358,90.4266124937,102.1383226965,29.00544724,45.713741084,131.764,,,,,113692.SH
187,2026-02-02 00:00:00,113677,1003595339,215.7972732662,105.3515595262,165.88595485,29.8046985304,280.115,,,,,113677.SH
188,2026-02-02 00:00:00,113625,1002664796,76.2096774194,116.973848212,8.57213124,66.6468148148,127.001,,,,,113625.SH
189,2026-02-02 00:00:00,113052,1002887513,89.0514393582,107.7230800036,14.54834005,38.5659803922,123.395,,,,,113052.SH
190,2026-02-02 00:00:00,110073,1002312666,80.042462845,106.1829722699,4.34629737,38.4240265252,110.798,,,,,110073.SH
191,2026-02-02 00:00:00,123165,1003272959,81.1184210526,110.4964812322,17.61460505,60.2102189781,129.96,,8497478.0,99.97,849747800.0,123165.SZ
192,2026-02-02 00:00:00,123107,1002591125,95.0276243094,107.7211557527,18.82531254,34.6976744186,128.0,,77063832.0,82.89,7706383200.0,123107.SZ
193,2026-02-02 00:00:00,128135,1002413820,42.8392633649,113.542812442,2.34025166,171.2464941569,116.2,,13398382.0,99.99,1339838200.0,128135.SZ
194,2026-02-02 00:00:00,128101,1002176276,94.2754919499,109.7588560223,3.40851218,20.3918406072,113.5,,2973291.0,99.11,297329100.0,128101.SZ
195,2026-02-02 00:00:00,127025,1002428087,37.6633358955,104.6639786393,1.43891087,181.8921836735,106.17,,17764035.0,62.99,1776403500.0,127025.SZ
196,2026-02-02 00:00:00,123173,1003342134,114.8874364561,91.4241442903,56.88853433,24.8474197219,143.434,,2331245.0,96.16,233124500.0,123173.SZ
197,2026-02-02 00:00:00,123085,1002476825,113.627254509,106.0418280452,27.77976625,19.2495590829,135.5,,5287219.0,58.75,528721900.0,123085.SZ
198,2026-02-02 00:00:00,127109,1004276747,132.5742574257,101.4967650546,67.39252715,28.1530843913,169.898,,4867378.0,99.95,486737800.0,127109.SZ
199,2026-02-02 00:00:00,127102,1003686341,81.8003913894,103.8900417809,20.33973407,52.8366770335,125.021,,9950833.0,99.51,995083300.0,127102.SZ
200,2026-02-02 00:00:00,127088,1003517003,101.5513126492,108.9098296135,29.96990309,39.3876615746,141.55,,5998198.0,99.97,599819800.0,127088.SZ
201,2026-02-02 00:00:00,127072,1003242760,107.0385126162,109.5104944654,32.86397866,35.932382134,145.5,,4498201.0,99.96,449820100.0,127072.SZ
202,2026-02-02 00:00:00,127060,1003062012,67.9129200189,101.8881163486,19.34659738,79.0528222997,121.6,,6398920.0,99.98,639892000.0,127060.SZ
203,2026-02-02 00:00:00,127045,1002747234,101.8978761862,105.6218802669,25.25719071,29.8348944568,132.299,,95430233.0,99.93,9543023300.0,127045.SZ
204,2026-02-02 00:00:00,123080,1002456507,104.7451669596,115.6853447776,20.72402107,33.3331208054,139.66,,1485891.0,60.65,148589100.0,123080.SZ
205,2026-02-02 00:00:00,123150,1003133042,78.8834951456,107.3300357641,16.04393785,57.8910769231,124.55,,11210221.0,98.42,1121022100.0,123150.SZ
206,2026-02-02 00:00:00,118024,1003269766,82.9183049367,109.2918178045,17.20914024,54.4894099052,128.1,,,,,118024.SH
207,2026-02-02 00:00:00,118062,1004501140,144.9847478916,93.8809190012,163.51148096,70.6296721535,247.387,,,,,118062.SH
208,2026-02-02 00:00:00,118052,1004165980,119.0436933223,92.1895369808,75.99285701,36.2919743767,162.247,,,,,118052.SH
209,2026-02-02 00:00:00,118039,1003537096,129.4520547945,92.0918543151,46.56345125,4.2648571429,134.973,,,,,118039.SH
210,2026-02-02 00:00:00,118037,1003526729,110.1339745792,97.6181152706,44.55001473,28.1230433562,141.107,,,,,118037.SH
211,2026-02-02 00:00:00,113667,1003417091,144.4334975369,109.9639228051,61.86217758,23.2331855389,177.99,,,,,113667.SH
212,2026-02-02 00:00:00,113624,1002618608,100.5979073244,111.2180952976,22.00802364,34.8884918276,135.695,,,,,113624.SH
213,2026-02-02 00:00:00,113058,1002990981,134.1517857143,110.6879842112,34.73368502,11.1681064892,149.134,,,,,113058.SH
214,2026-02-02 00:00:00,111013,1003408906,104.8442906574,110.2469544197,25.87921429,32.3658151815,138.778,,,,,111013.SH
215,2026-02-02 00:00:00,111004,1002991161,114.5022531749,113.1231269272,25.44649698,23.935552415,141.909,,,,,111004.SH
216,2026-02-02 00:00:00,113647,1003064584,72.2497522299,110.5365843407,11.45993042,70.5251522634,123.204,,,,,113647.SH
217,2026-02-02 00:00:00,113605,1002416077,109.7982708934,108.5949615803,21.73585043,20.4017139108,132.199,,,,,113605.SH
218,2026-02-02 00:00:00,113056,1002985644,109.1578947368,110.0964197711,16.94113239,17.9465766635,128.748,,,,,113056.SH
219,2026-02-02 00:00:00,128119,1002301382,44.8387096774,110.6802256973,9.05290375,169.1870503597,120.7,,9460476.0,99.58,946047600.0,128119.SZ
220,2026-02-02 00:00:00,127037,1002660604,343.6958614052,109.1300393208,338.87182941,39.3502377485,478.941,,5055304.0,72.22,505530400.0,127037.SZ
221,2026-02-02 00:00:00,123220,1003567565,107.3280721533,99.6858562703,40.97486369,30.9368529412,140.532,,2908278.0,88.61,290827800.0,123220.SZ
222,2026-02-02 00:00:00,123193,1003446391,84.8979591837,109.686980554,19.73800294,54.6998317308,131.337,,5997434.0,99.96,599743400.0,123193.SZ
223,2026-02-02 00:00:00,123117,1002673340,51.5912031048,109.0351606522,9.10700667,130.5916374122,118.965,,9998312.0,99.98,999831200.0,123117.SZ
224,2026-02-02 00:00:00,110092,1003351479,79.8013245033,98.2567458929,8.38441578,33.4501659751,106.495,,,,,110092.SH
225,2026-02-02 00:00:00,123059,1002304356,122.7322404372,116.941334576,24.73604866,18.8505966162,145.868,,1569169.0,40.09,156916900.0,123059.SZ
226,2026-02-02 00:00:00,128136,1002425950,93.0340281489,106.601550047,21.25714865,38.9405603217,129.262,,29983809.0,99.95,2998380900.0,128136.SZ
227,2026-02-02 00:00:00,113636,1002875106,68.8855646971,112.5611099239,11.18671456,81.6824766558,125.153,,,,,113636.SH
228,2026-02-02 00:00:00,113597,1002316640,102.4193548387,116.8335135113,13.13192253,29.0537322835,132.176,,,,,113597.SH
229,2026-02-02 00:00:00,111009,1003286527,69.1287878788,107.3031859696,15.48026173,79.2509369863,123.914,,,,,111009.SH
230,2026-02-02 00:00:00,127034,1002621145,84.1876629018,112.4417676852,14.55529618,53.0010402477,128.808,,4278943.0,60.1,427894300.0,127034.SZ
231,2026-02-02 00:00:00,127110,1004301237,105.4495912807,99.2110545912,40.98630498,32.645369509,139.874,,48995599.0,99.99,4899559900.0,127110.SZ
232,2026-02-02 00:00:00,127095,1003623661,114.1124586549,107.7504463734,31.3368109,24.0145043478,141.516,,6927447.0,98.96,692744700.0,127095.SZ
233,2026-02-02 00:00:00,127082,1003410714,139.8865784499,109.3448184187,55.38001933,21.4555405405,169.9,,11585420.0,99.96,1158542000.0,127082.SZ
234,2026-02-02 00:00:00,127046,1002792234,43.5732647815,108.4336308784,13.8687315,183.3664188791,123.472,,11274614.0,99.95,1127461400.0,127046.SZ
235,2026-02-02 00:00:00,123223,1003597155,100.9364548495,98.6210143134,40.4964256,37.2734956925,138.559,,2052762.0,57.02,205276200.0,123223.SZ
236,2026-02-02 00:00:00,123180,1003410694,94.1741490917,109.8462715262,41.92561826,65.544368071,155.9,,3197783.0,99.93,319778300.0,123180.SZ
237,2026-02-02 00:00:00,123104,1002578131,61.7562102831,119.4078024159,8.03314138,108.8858746492,129.0,,9698962.0,99.96,969896200.0,123104.SZ
238,2026-02-02 00:00:00,128141,1002481962,120.243204578,108.2896869264,22.26464381,10.1101725164,132.4,,11575589.0,82.68,1157558900.0,128141.SZ
239,2026-02-02 00:00:00,127080,1003342137,92.3289564616,96.8961071924,70.62604968,79.06625,165.33,,2793483.0,99.77,279348300.0,127080.SZ
240,2026-02-02 00:00:00,123255,1004187447,147.8306508048,102.1405100849,130.07619583,58.9663569231,235.001,,9097692.0,99.97,909769200.0,123255.SZ
241,2026-02-02 00:00:00,123250,1004000720,60.1933216169,93.1328200969,36.25164563,110.8124233577,126.895,,3955165.0,99.39,395516500.0,123250.SZ
242,2026-02-02 00:00:00,123172,1003328752,110.5685618729,108.1072577837,26.45681965,23.6418360557,136.709,,7960141.0,99.5,796014100.0,123172.SZ
243,2026-02-02 00:00:00,123128,1002821560,128.5596707819,107.4199264067,23.81222409,3.4531274008,132.999,,8266987.0,59.93,826698700.0,123128.SZ
244,2026-02-02 00:00:00,128129,1002344372,77.0,107.0130791875,0.95027713,40.2987012987,108.03,,49996750.0,99.99,4999675000.0,128129.SZ
245,2026-02-02 00:00:00,128121,1002306691,86.0,107.0179858081,15.85529205,44.1697674419,123.986,,6520304.0,97.32,652030400.0,128121.SZ
246,2026-02-02 00:00:00,123171,1003302950,77.2492625369,97.9645471624,30.66155431,65.6999637232,128.002,,3798878.0,99.97,379887800.0,123171.SZ
247,2026-02-02 00:00:00,123076,1002445844,113.4645669291,111.1036571293,22.40821186,19.8612074948,136.0,,5740595.0,67.54,574059500.0,123076.SZ
248,2026-02-02 00:00:00,118055,1004199384,192.5778132482,100.9500359046,131.11334029,21.1505084956,233.309,,,,,118055.SH
249,2026-02-02 00:00:00,118033,1003419936,75.0694864048,109.9230191149,20.92462623,77.0679491307,132.924,,,,,118033.SH
250,2026-02-02 00:00:00,118012,1003136445,121.0213776722,106.6092668107,50.31338719,32.412969578,160.248,,,,,118012.SH
251,2026-02-02 00:00:00,118000,1002550590,129.8975286317,112.2248814904,16.96693127,1.0535006961,131.266,33.18,,,,118000.SH
252,2026-02-02 00:00:00,118032,1003408924,47.1203458374,110.0567188049,14.60545196,167.6784258656,126.131,,,,,118032.SH
253,2026-02-02 00:00:00,118006,1002977156,121.2462462462,108.3876082666,39.00482021,24.2628160991,150.664,,,,,118006.SH
254,2026-02-02 00:00:00,113051,1002670978,90.990990991,109.152132589,13.64871859,36.3321782178,124.05,,,,,113051.SH
255,2026-02-02 00:00:00,110087,1003127220,102.1428571429,106.6127321069,27.41536336,32.9911888112,135.841,,,,,110087.SH
256,2026-02-02 00:00:00,113652,1003155371,95.232856619,108.0251437774,24.76910031,41.5288848672,134.782,,,,,113652.SH
257,2026-02-02 00:00:00,113049,1002663874,52.1961184883,106.0679033557,7.68384816,118.8247005871,114.218,,,,,113049.SH
258,2026-02-02 00:00:00,127098,1003657837,54.3571428571,104.5373957994,19.23866961,129.314848883,124.649,,4692914.0,99.85,469291400.0,127098.SZ
259,2026-02-02 00:00:00,123263,1004502727,121.0840606339,98.7468233163,111.67567014,72.6263547041,209.023,,,,,123263.SZ
260,2026-02-02 00:00:00,123124,1002747224,101.2582384661,101.5803507608,43.19796979,43.6534964497,145.461,,5224769.0,99.9,522476900.0,123124.SZ
261,2026-02-02 00:00:00,113066,1003416047,106.3829787234,104.5942089353,38.27056151,35.94562,144.623,,,,,113066.SH
262,2026-02-02 00:00:00,113054,1002954680,80.2024746907,108.2690363638,14.2893704,54.284516129,123.74,,,,,113054.SH
263,2026-02-02 00:00:00,110075,1002410484,117.6661264182,105.2628115839,27.41251918,13.9818264463,134.118,,,,,110075.SH
264,2026-02-02 00:00:00,113644,1003060085,117.6407506702,112.4885788906,29.14022155,23.4844211486,145.268,,,,,113644.SH
265,2026-02-02 00:00:00,113053,1002894415,100.8,105.0500153003,25.55923921,30.8531746032,131.9,,,,,113053.SH
266,2026-02-02 00:00:00,127093,1003622680,96.354679803,98.2502106886,38.99410397,41.7284560327,136.562,,2425172.0,99.8,242517200.0,127093.SZ
267,2026-02-02 00:00:00,127056,1002954710,66.4867296446,105.1084122331,19.21120045,88.4601644114,125.301,,49996342.0,99.99,4999634200.0,127056.SZ
268,2026-02-02 00:00:00,127096,1003629437,121.8538055765,92.1221677205,70.17945179,28.6566301793,156.773,,2918947.0,98.78,291894700.0,127096.SZ
269,2026-02-02 00:00:00,113601,1002341676,182.5833333333,113.9024100628,105.38810362,28.1288909174,233.942,,,,,113601.SH
270,2026-02-02 00:00:00,123072,1002415239,42.6010331206,116.2995771994,9.38990757,198.6312553495,127.22,,1418058.0,99.86,141805800.0,123072.SZ
271,2026-02-02 00:00:00,113046,1002583641,107.9457364341,109.6472449075,26.65890522,28.6553824057,138.878,,,,,113046.SH
272,2026-02-02 00:00:00,110074,1002337737,409.6385542169,110.9424724243,342.47346329,19.8351558824,490.891,,,,,110074.SH
273,2026-02-02 00:00:00,113649,1003129463,117.115804807,111.7794566336,27.86070384,22.0347674129,142.922,,,,,113649.SH
274,2026-02-02 00:00:00,110081,1002724770,81.3302752294,106.229068265,3.95742126,35.7833840948,110.433,,,,,110081.SH
275,2026-02-02 00:00:00,127017,1002258449,63.8921453693,112.3830853295,0.90486452,77.4866055046,113.4,,9995501.0,99.96,999550100.0,127017.SZ
276,2026-02-02 00:00:00,123192,1003446392,76.4232317424,109.686980554,17.54357659,68.7052445448,128.93,,7186755.0,99.14,718675500.0,123192.SZ
277,2026-02-02 00:00:00,123175,1003393091,72.5,94.6929662263,30.52711825,70.4827586207,123.6,,4198713.0,99.97,419871300.0,123175.SZ
278,2026-02-02 00:00:00,127061,1003062868,88.5931558935,110.3345272025,7.66530026,34.0871072961,118.792,,27890201.0,77.69,2789020100.0,127061.SZ
279,2026-02-02 00:00:00,127016,1002204295,88.7961859356,110.6714992242,0.40254336,25.1371315436,111.117,,13998370.0,99.99,1399837000.0,127016.SZ
280,2026-02-02 00:00:00,123265,1004545356,119.745057232,83.8430717263,125.13488129,57.6348989789,188.76,,,,,123265.SZ
281,2026-02-02 00:00:00,123207,1003538141,191.1877394636,87.2416967172,133.69215372,6.6370681363,203.877,,1967023.0,49.18,196702300.0,123207.SZ
282,2026-02-02 00:00:00,123195,1003448490,110.3738632536,102.9453731787,63.43813695,52.4382630455,168.252,,5459448.0,99.98,545944800.0,123195.SZ
283,2026-02-02 00:00:00,123142,1002981653,62.4443785227,94.7223294247,28.76794811,95.329031829,121.972,,5493666.0,99.88,549366600.0,123142.SZ
284,2026-02-02 00:00:00,128138,1002443333,81.843575419,125.5596775458,5.22486405,61.4298976109,132.12,,4198611.0,99.97,419861100.0,128138.SZ
285,2026-02-02 00:00:00,127044,1002747235,79.7883064516,109.9499529224,18.00732656,62.6165609602,129.749,,3371164.0,28.84,337116400.0,127044.SZ
286,2026-02-02 00:00:00,123259,1004419258,107.9531357684,100.11992661,57.34130591,45.9244318182,157.53,,,,,123259.SZ
287,2026-02-02 00:00:00,123247,1003911119,194.3362831858,104.0766818825,123.12106401,19.4923542805,232.217,,19643425.0,72.75,1964342500.0,123247.SZ
288,2026-02-02 00:00:00,123229,1003626431,97.002997003,100.0086987954,37.98799671,42.2636457261,138.0,,1779478.0,35.59,177947800.0,123229.SZ
289,2026-02-02 00:00:00,123221,1003570827,130.4225352113,94.1579196384,40.19001323,1.2095032397,132.0,,4049217.0,80.98,404921700.0,123221.SZ
290,2026-02-02 00:00:00,118048,1003862566,212.158808933,95.7746383658,176.43330689,24.7900105263,264.753,,,,,118048.SH
291,2026-02-02 00:00:00,118031,1003382516,117.625,112.3355186723,18.35615447,13.0337938363,132.956,,,,,118031.SH
292,2026-02-02 00:00:00,118061,1004467940,98.021567928,84.3778392022,138.07080378,104.9334694866,200.879,,,,,118061.SH
293,2026-02-02 00:00:00,118013,1003139421,153.6851683348,112.8845176533,87.51641447,37.7341758437,211.677,,,,,118013.SH
294,2026-02-02 00:00:00,118027,1003302949,69.7361993161,78.8702792327,41.6769423,60.2338542907,111.741,,,,,118027.SH
295,2026-02-02 00:00:00,118064,1004535391,96.9158143194,98.5300189078,101.06664161,104.4155552849,198.111,,,,,118064.SH
296,2026-02-02 00:00:00,118042,1003558168,114.7205116059,108.3657525556,36.7027834,29.1303516052,148.139,,,,,118042.SH
297,2026-02-02 00:00:00,118025,1003269675,96.8426546055,107.3977389427,31.7327547,46.0905843363,141.478,,,,,118025.SH
298,2026-02-02 00:00:00,113681,1003689810,120.2678571429,107.0983831129,30.0626545,15.8206384558,139.295,,,,,113681.SH
299,2026-02-02 00:00:00,113695,1004285100,149.2759795571,89.1662924172,102.8445897,21.1641689016,180.869,23.48,,,,113695.SH
300,2026-02-02 00:00:00,113688,1003974826,98.9263803681,106.0097722564,29.12205836,38.3675410853,136.882,,,,,113688.SH
301,2026-02-02 00:00:00,111022,1004281651,102.296819788,99.690196652,53.40826394,49.4992711572,152.933,,,,,111022.SH
302,2026-02-02 00:00:00,111012,1003344485,401.9874476987,103.5447686648,401.19963248,29.1000510018,518.966,,,,,111012.SH
303,2026-02-02 00:00:00,127070,1003197915,261.3382899628,109.7549354028,198.66538466,25.4312944523,327.8,,9344050.0,61.47,934405000.0,127070.SZ
304,2026-02-02 00:00:00,127064,1003087042,114.67077397,106.8191163812,40.09664662,30.5040463398,149.65,,11364551.0,99.95,1136455100.0,127064.SZ
305,2026-02-02 00:00:00,127049,1002822669,81.8696883853,105.3964844063,13.78937417,46.4888927336,119.93,,81434368.0,99.92,8143436800.0,127049.SZ
306,2026-02-02 00:00:00,123258,1004361060,87.5321336761,98.0473383492,59.03542373,78.1402936858,155.93,,,,,123258.SZ
307,2026-02-02 00:00:00,113694,1004197893,106.765163297,90.8996341139,53.80699973,30.9509541151,139.81,,,,,113694.SH
308,2026-02-02 00:00:00,111002,1002870488,98.1684981685,109.9218221874,22.96557436,37.6877537313,135.166,,,,,111002.SH
309,2026-02-02 00:00:00,110098,1004062633,105.6640625,101.898920189,32.48423021,27.7634011091,135.0,,,,,110098.SH
310,2026-02-02 00:00:00,128108,1002251664,68.0,107.3353828574,0.31174915,58.3382352941,107.67,,15203442.0,48.36,1520344200.0,128108.SZ
311,2026-02-02 00:00:00,127059,1003049695,91.0539215686,112.5530216731,17.58635888,45.3501372813,132.347,,3790713.0,99.76,379071300.0,127059.SZ
312,2026-02-02 00:00:00,123054,1002268484,117.8137651822,114.2063278665,29.34309575,25.3826323024,147.718,,1666935.0,61.51,166693500.0,123054.SZ
313,2026-02-02 00:00:00,123160,1003246599,160.799190693,99.3001087422,80.22739579,11.297823844,178.966,,2316384.0,69.17,231638400.0,123160.SZ
314,2026-02-02 00:00:00,123222,1003591449,175.9592326139,99.7702503037,118.5020077,23.8923339012,218.0,,2439259.0,48.79,243925900.0,123222.SZ
315,2026-02-02 00:00:00,118053,1004169444,84.0052015605,103.3887404186,30.00061656,59.9972352941,134.406,,,,,118053.SH
316,2026-02-02 00:00:00,118040,1003540818,105.4717642932,93.9821082197,53.30364761,36.6033847689,144.078,,,,,118040.SH
317,2026-02-02 00:00:00,118020,1003243569,58.5714285714,86.2413605673,44.32518131,112.5063414634,124.468,,,,,118020.SH
318,2026-02-02 00:00:00,111003,1002968248,90.9410729991,113.3327944729,19.81174613,49.3120715667,135.786,,,,,111003.SH
319,2026-02-02 00:00:00,123245,1003909378,232.4130314743,87.050756621,210.19259393,16.1832442385,270.025,,1537844.0,60.4,153784400.0,123245.SZ
320,2026-02-02 00:00:00,127067,1003154503,106.9431051109,107.4019234994,24.02012521,24.5522091975,133.2,,29995723.0,99.99,2999572300.0,127067.SZ
321,2026-02-02 00:00:00,123158,1003244611,118.1729598051,107.5858462113,50.38595289,36.9128777572,161.794,,18046804.0,91.61,1804680400.0,123158.SZ
322,2026-02-02 00:00:00,118050,1003914612,249.6394230769,105.2242999168,148.94154697,4.9301415503,261.947,,,,,118050.SH
323,2026-02-02 00:00:00,118007,1002983888,105.4545454545,102.5317053308,36.83279679,33.0402586207,140.297,,,,,118007.SH
324,2026-02-02 00:00:00,113633,1002853748,41.0932105869,108.0413792767,12.25513855,195.1387790535,121.282,,,,,113633.SH
325,2026-02-02 00:00:00,110077,1002447133,196.106557377,108.4861490651,95.37609347,8.0820564263,211.956,,,,,110077.SH
326,2026-02-02 00:00:00,127111,1004352899,93.8233792751,99.7986580323,43.08809639,52.2008705114,142.8,,,,,127111.SZ
327,2026-02-02 00:00:00,127083,1003423126,80.9461235217,105.780287442,19.04013786,55.5614951299,125.921,,48358949.0,100.0,4835894900.0,127083.SZ
328,2026-02-02 00:00:00,127076,1003270814,178.2592862345,107.5315929584,110.44977925,26.9499080695,226.3,,4838137.0,62.91,483813700.0,127076.SZ
329,2026-02-02 00:00:00,113686,1003862565,133.6196319018,106.0034571443,41.60198549,12.3360376492,150.103,,,,,113686.SH
330,2026-02-02 00:00:00,113671,1003529001,112.6103404792,106.5952477715,37.52301633,30.1772105263,146.593,,,,,113671.SH
331,2026-02-02 00:00:00,113661,1003299178,115.3324287653,107.2016259351,34.27501565,24.8087823529,143.945,,,,,113661.SH
332,2026-02-02 00:00:00,113627,1002699508,74.9042145594,108.9027541653,13.44524842,64.937314578,123.545,,,,,113627.SH
333,2026-02-02 00:00:00,113575,1002203861,83.257918552,101.367649293,98.00794573,141.0773695652,200.716,,,,,113575.SH
334,2026-02-02 00:00:00,113062,1003235788,122.5806451613,104.3500657282,25.39714191,6.7476842105,130.852,,,,,113062.SH
335,2026-02-02 00:00:00,113643,1002987886,76.3959390863,112.681347469,14.72440018,69.2144916944,129.273,,,,,113643.SH
336,2026-02-02 00:00:00,111005,1003127341,126.1268781302,105.3104315125,50.26241724,25.4625519523,158.242,,,,,111005.SH
337,2026-02-02 00:00:00,111000,1002643442,118.5590778098,113.7061509711,21.38833196,16.4195964998,138.026,,,,,111000.SH
338,2026-02-02 00:00:00,110089,1003242757,129.4718309859,107.9719914713,19.66899771,-0.2030024476,129.209,28.4,,,,110089.SH
339,2026-02-02 00:00:00,123262,1004499000,92.3750643998,92.2835437528,64.65882629,64.4956904629,151.953,,,,,123262.SZ
340,2026-02-02 00:00:00,123210,1003543158,130.0099161633,104.4142564255,48.44716163,19.2216752184,155.0,,12139417.0,99.93,1213941700.0,123210.SZ
341,2026-02-02 00:00:00,123182,1003420927,166.8126094571,100.5560936474,67.66761107,1.071496063,168.6,,5244674.0,74.92,524467400.0,123182.SZ
342,2026-02-02 00:00:00,123122,1002740386,50.9761151707,109.3844483299,12.89447621,142.2487464698,123.489,,5801913.0,99.83,580191300.0,123122.SZ
343,2026-02-02 00:00:00,123114,1002644950,119.1462249124,114.1954288809,33.46155927,27.9159286096,152.407,,9000338.0,99.52,900033800.0,123114.SZ
344,2026-02-02 00:00:00,128142,1002482888,100.1118568233,108.2842998135,22.17837695,32.1521787709,132.3,,7178804.0,99.98,717880400.0,128142.SZ
345,2026-02-02 00:00:00,128125,1002316831,108.8255733148,111.8829409049,13.86275599,17.0616392082,127.393,,4496601.0,99.92,449660100.0,128125.SZ
346,2026-02-02 00:00:00,127089,1003535103,96.3121783877,104.8510847243,21.06694016,31.800569902,126.94,,89588624.0,99.98,8958862400.0,127089.SZ
347,2026-02-02 00:00:00,123243,1003878658,159.9724896836,94.8621010872,70.15541312,0.9004737747,161.413,,3071453.0,65.64,307145300.0,123243.SZ
348,2026-02-02 00:00:00,123154,1003187679,34.6957311535,111.3802952195,11.92015585,259.2862748691,124.657,,5288860.0,99.98,528886000.0,123154.SZ
349,2026-02-02 00:00:00,123129,1002824899,113.3838383838,105.5908122622,38.93254238,29.383518931,146.7,,1936801.0,32.28,193680100.0,123129.SZ
350,2026-02-02 00:00:00,123113,1002611123,70.5586942875,112.0263690966,12.0495121,77.9015346975,125.525,,10248193.0,99.99,1024819300.0,123113.SZ
351,2026-02-02 00:00:00,128134,1002399353,69.2331670823,108.6693873615,16.2507704,82.4689022963,126.329,,15725958.0,83.65,1572595800.0,128134.SZ
352,2026-02-02 00:00:00,128124,1002314928,29.5542635659,103.8285288783,4.5945668,267.4562885246,108.599,,2245529.0,30.43,224552900.0,128124.SZ
353,2026-02-02 00:00:00,123242,1003877031,128.2872928177,99.9747757086,29.04755133,0.567248062,129.015,,1379438.0,55.18,137943800.0,123242.SZ
354,2026-02-02 00:00:00,123179,1003407631,44.2972774099,110.153245679,12.34167385,179.3580265781,123.748,,9499491.0,99.99,949949100.0,123179.SZ
355,2026-02-02 00:00:00,123112,1002603668,107.8313253012,117.4787146352,19.86511807,30.5891396648,140.816,,2264570.0,92.16,226457000.0,123112.SZ
356,2026-02-02 00:00:00,123092,1002487670,107.8313253012,110.5639980919,19.54524283,22.5747709497,132.174,,3422506.0,80.91,342250600.0,123092.SZ
357,2026-02-02 00:00:00,123213,1003544038,239.2156862745,105.9587217654,151.041156,11.1967213115,266.0,,3260141.0,32.6,326014100.0,123213.SZ
358,2026-02-02 00:00:00,123187,1003431474,160.5874757908,96.0547467466,89.65122097,13.4391079397,182.169,,2678724.0,57.12,267872400.0,123187.SZ
359,2026-02-02 00:00:00,118041,1003544932,111.624891962,100.4039552068,36.99161524,23.2207239644,137.545,,,,,118041.SH
360,2026-02-02 00:00:00,118016,1003187673,129.522431259,100.6733011112,40.7344335,9.3880022346,141.682,,,,,118016.SH
361,2026-02-02 00:00:00,118035,1003498015,100.1279181324,101.0702437824,44.34416554,45.7026199297,145.889,,,,,118035.SH
362,2026-02-02 00:00:00,118029,1003328766,152.7956989247,100.1479678568,45.75033635,-4.4698240676,145.966,18.6,,,,118029.SH
363,2026-02-02 00:00:00,118003,1002850621,118.3447749809,108.0477195614,38.81921859,26.7407031905,149.991,,,,,118003.SH
364,2026-02-02 00:00:00,118059,1004438379,102.0363636364,99.7393108943,69.78260475,65.9604419102,169.34,,,,,118059.SH
365,2026-02-02 00:00:00,118054,1004196590,200.8236208236,103.2952061124,130.96134756,18.7967824808,238.572,,,,,118054.SH
366,2026-02-02 00:00:00,118049,1003904140,245.3350854139,102.3520119547,191.60931407,21.6572833423,298.468,,,,,118049.SH
367,2026-02-02 00:00:00,118011,1003135021,100.2875399361,106.5318217625,29.30314879,37.3540522459,137.749,,,,,118011.SH
368,2026-02-02 00:00:00,113070,1004084232,93.77593361,101.3417955219,25.60168225,35.7352522124,127.287,,,,,113070.SH
369,2026-02-02 00:00:00,113042,1002520954,109.5682613769,110.1729011224,13.48434935,14.110599574,125.029,8.57,,,,113042.SH
370,2026-02-02 00:00:00,113666,1003393996,76.2349799733,107.5647012915,16.22028277,63.9824658494,125.012,,,,,113666.SH
371,2026-02-02 00:00:00,113623,1002603553,124.0177439797,111.4353397571,18.95239005,6.8838988247,132.555,,,,,113623.SH
372,2026-02-02 00:00:00,113067,1003543159,90.8108108108,104.0416978044,23.84553763,41.8894940476,128.851,,,,,113067.SH
373,2026-02-02 00:00:00,127084,1003424445,149.4520547945,110.4198470185,70.68580069,26.1080018332,188.471,,24809651.0,82.7,2480965100.0,127084.SZ
374,2026-02-02 00:00:00,113589,1002281275,84.7843775427,106.3560831175,166.5950002,234.4248176583,283.54,12.29,,,,113589.SH
375,2026-02-02 00:00:00,111016,1003540823,119.425087108,100.3885411663,19.02354453,0.0510051058,119.486,11.48,,,,111016.SH
